"title","price"
"",""
"WOOSEA Women Sleeveless V Neck Split Evening Cocktail Long Dress","$58.99$65.99"
"BLENCOT Womens Casual Floral Deep V Neck Long Sleeve Long Evening Dress Cocktail Party Maxi Wedding Dresses","$49.98$79.98"
"Cosonsen Women's Dress Deep V-Neck Long Sleeve Waist Tie Ruffle Mini Swing Skater Dresses","$40.99$52.99"
"Amoretu Women Summer Tunic Dress V Neck Casual Loose Flowy Swing Shift Dresses","$23.98$40.78"
"PRETTYGARDEN Women's 2023 Floral Summer Dress Wrap V Neck Short Sleeve Belted Ruffle Hem A-Line Bohemian Maxi Dresses","$42.99$45.87"
"BTFBM Women Summer Bohemian Floral Casual Wrap V Neck Ruffle Cap Sleeveless Belt A-Line Pleated Hem Swing Midi Sun Dress","$32.79$58.28"
"ANRABESS Women's Casual Loose Sundress Long Dress Sleeveless Split Maxi Dresses Summer Beach Dress with Pockets","$35.99"
"BELONGSCI Women's 2023 Summer Dress Sweet & Cute V-Neck Bell Sleeve Shift Dress Mini Dress","$19.99$45.99"
"Cosonsen Women's Dress Deep V-Neck Long Sleeve Waist Tie Ruffle Mini Swing Skater Dresses","$38.99$42.99"
"PRETTYGARDEN Women's Summer Casual Boho Dress Floral Print Ruffle Puff Sleeve High Waist Midi Beach Dresses","$42.99$49.57"
"BLENCOT Womens Casual Floral Deep V Neck Long Sleeve Long Evening Dress Cocktail Party Maxi Wedding Dresses","$49.48$49.98"
"ECOWISH Womens V-Neck Spaghetti Strap Bowknot Backless Sleeveless Lace Mini Swing Skater Dress","$37.99$45.99"
"PRETTYGARDEN Women's 2023 Floral Summer Dress Wrap V Neck Short Sleeve Belted Ruffle Hem A-Line Bohemian Maxi Dresses","$42.99$50.99"
"GOBLES Women's Sexy Long Sleeve V Neck Ruched Bodycon Mini Party Cocktail Dress","$29.99"
"WOOSEA Women's High Neck Split Bodycon Mermaid Evening Cocktail Long Dress","$58.99$69.99"
"PRETTYGARDEN Women's Summer Casual Boho Dress Floral Print Ruffle Puff Sleeve High Waist Midi Beach Dresses","$42.99$48.99"
"YMDUCH Women's Elegant Sleeveless Off Shoulder Bodycon Long Formal Party Evening Dress","$49.99"
"WOOSEA Women's Split Bodycon Mermaid Evening Cocktail Long Dress","$58.99$65.99"
"AnotherChill Women's Casual Lounge Slip Long Dress Sexy Sleeveless Backless Bodycon Maxi Dresses 2023 Summer Slim Elegant","$24.99$26.99"
"Wenrine Women's Mesh Long Sleeve Square Neck Ruched Party Club Cocktail Bodycon Mini Dress","$39.99$52.99"
"PRIMODA Women's Spaghetti Strap Backless Thigh-high Slit Bodycon Maxi Long Dress Club Party Dress","$29.99"
"PRETTYGARDEN Women's Summer Wrap Maxi Dress Casual Boho Floral V Neck Short Sleeve Ruffle Hem Split Beach Long Dresses","$41.99$50.99"
"GOKATOSAU Women's Sexy Elegant Ruffle Long Sleeve Off Shoulder Ruched Party Mini Dress","$38.99$45.99"
"Amoretu Women Summer Tunic Dress V Neck Casual Loose Flowy Swing Shift Dresses","$26.33$45.00"
"PRETTYGARDEN 2023 Fashion Fall Dresses for Women Casual Long Sleeve Belted Party Bodycon Sheath Pencil Dress","$35.99$43.99"
"Dokotoo Womens 2023 Spring Summer Deep V Neck Ruffle Long Sleeve Floral Print Mini Dress","$39.99$51.99"
"BTFBM Women Summer Bohemian Floral Casual Wrap V Neck Ruffle Cap Sleeveless Belt A-Line Pleated Hem Swing Midi Sun Dress","$32.79$40.99"
"ANRABESS Women's Casual Loose Sundress Long Dress Sleeveless Split Maxi Dresses Summer Beach Dress with Pockets","$35.99$51.99"
"oten Womens Deep V Neck Ruffle Sleeve Sheath Casual Cocktail Party Work Faux Wrap Dress","$41.99"
"Shy Velvet Women's Summer Dress Square Neck Short Sleeves Crossover Waist Casual Party Mini Dress","$38.99$52.99"
"PRETTYGARDEN Women's Summer One Shoulder Long Formal Dresses Sleeveless Ruched Bodycon Wedding Guest Slit Maxi Dress","$56.99"
"Pdxnyxx Long Sleeve Dress for Women Sexy Y2k Dress Bodycon Dresses for Women Sexy Dresses for Women","$28.99"
"CUPSHE Summer Women Slip Ruching Smocking Jumpsuit Dress V Neck Speghetti Straps Backless Maxi High Low White","$35.99"
"EXLURA Womens Square Neck Dress Long Puff Sleeve A-Line Casual Short Mini Dress","$38.99$45.99"
"GRECERELLE Spring Summer Dress for Women Casual Ruffle Short/Long Sleeve Dresses, Wrap V-Neck Dress","$31.99$34.99"
"Sdencin Women Sexy Twist Knot Front Ribbed Knit Bodycon Bandeau Tube Dress Casual Solid Strapless Maxi Long Dress","$29.99"
"Women Denim Shirt Dresses Long Sleeve Distressed Jean Dress Button Down Casual Tunic Top","$39.99$42.99"
"PRETTYGARDEN Women's Elegant Long Lantern Sleeve Short Dress Crewneck Tie Waist Knit Cocktail Dress","$38.89$42.99"
"LYANER Women's Spaghetti Straps Split Hem Sleeveless Zipper Bodycon Midi Dress","$33.99"
"Verdusa Women's Elegant Ribbed Knit Bell Sleeve Fit and Flare Midi Dress","$49.99"
"ANRABESS Women's Deep V Neck Short Sleeve Long Dresses Pleated High Waist Slit Club Party Evening Maxi Dress","$45.99$56.99"
"SweatyRocks Women's Elegant Mesh Contrast Long Sleeve A Line Mini Short Dress","$40.89"
"Floerns Women's V Back Inslace Layered Ruffle Hem Flutter Sleeve Dress","$38.99"
"BELONGSCI Women's 2023 Summer Dress Sweet & Cute V-Neck Bell Sleeve Shift Dress Mini Dress","$28.69$49.99"
"Verdusa Women's Long Sleeve Square Neck Bodycon Maxi Long Dress","$39.99"
"Floerns Women's Plus Size Satin Spaghetti Strap Cowl Neck Wrap Party Cami Dress","$43.99"
"Vssjavun Womenâ€™s Summer Spaghetti Strap Sexy Sleeveless Backless Bodycon Party Club Cocktail Dress","$34.99$39.99"
"YMDUCH Women's Sexy Elegant Long Sleeve Off Shoulder Bodycon Long Evening Formal Dress","$49.99"
"Ezbelle Women's Off The Shoulder Short Sleeve Ribbed Casual Party Bodycon Midi Dress","$39.99$46.99"
"Square Neck Mini Dress for Women 2023 Puff Sleeve Tie Back Aline Dress with Elastic Waist","$39.99$49.99"
"Sarin Mathews Womens Off The Shoulder Short Sleeve High Low Cocktail Skater Dress","$23.01$48.99"
"Floerns Women's Plus Size V Neck Sleeveless Contrast Mesh Evening Midi Dress","$46.99"
"SOLY HUX Women's Floral Summer Beach Casual Sun Dresses Tropical Leaf Print Sleeveless Ruffle Hem Tube Mini Dress","$34.99"
"PUMIEY Women's Square Neck Long Sleeve Maxi Dress Soft Lounge Ribbed Bodycon Dresses for Women","$43.99"
"NOLLSOM Women Casual Sleeveless Striped Tank Midi Dresses Halter Neck Ruched Bodycon Dresses Tie Waist T Shirt Summer Dress","$31.99$37.99"
"XXTAXN Women's Sexy Bodycon Long Sleeve Round Neck Work Office Midi Pencil Dress","$29.99$45.99"
"",""